part_id,description,qty,vendor,mpn,notes
actuator_rs04,Robstride RS04 joint motor,4,Robstride,RS04,"left/right hip_pitch + left/right knee; 120 Nm peak"
actuator_rs03,Robstride RS03 joint motor,9,Robstride,RS03,"hip roll/yaw x4 + waist_yaw + shoulder roll/pitch x4; 60 Nm peak"
actuator_rs02,Robstride RS02 joint motor,10,Robstride,RS02,"ankle x4 + arm yaw/elbow/wrist x6; 17 Nm peak"
stock_vendor_2020_black_extrusion,IXGNIJ 2020 T-slot EU black 500mm (4-pack),2,Amazon,B08Y8KCJW4,"Purchase only (not instanced). Registry: vendor_2020_black_extrusion."
frame_2020_vertical_340,Torso vertical corner post 340mm,4,cut,,,Instances frame_2020_vertical_{back|front}_{left|right}_340
frame_2020_bottom_left_085,Torso bottom left rail 85mm,1,cut,,,Config L085
frame_2020_bottom_right_085,Torso bottom right rail 85mm,1,cut,,,Config L085
frame_2020_top_left_085,Torso top left rail 85mm,1,cut,,,Config L085
frame_2020_top_right_085,Torso top right rail 85mm,1,cut,,,Config L085
frame_2020_bottom_front_110,Torso bottom front rail 110mm,1,cut,,,Config L110
frame_2020_bottom_rear_110,Torso bottom rear rail 110mm,1,cut,,,Config L110
frame_2020_top_front_110,Torso top front rail 110mm,1,cut,,,Config L110
frame_2020_top_rear_110,Torso top rear rail 110mm,1,cut,,,Config L110
