tick,t_ms,joint,q,dq,q_traj,dq_traj,q_des,target,target_raw,q_env_lo,q_env_hi,lead,lead_sat,settle_error,phase,friction_mode,tau_p,tau_g,tau_f,tau_d,tau_ff_cmd,tau_meas,dq_mit,kp,kd,joint_stuck,planner_frozen,retarget_age_ms,planner_event,law,q_ref,dq_ref,time_scale,tau_i,kd_mit,tau_ff_wire
0,0,right_shoulder_pitch,0.000400,0.080000,0.000400,0.080000,0.000400,0.100000,0.100000,-0.850000,3.140000,0.010000,0,0.099600,Cruise,traj_vel,0.120000,1.200000,0.250000,0.010000,1.200000,1.100000,0.080000,12.000,1.000,0,0,0,tick,legacy,0.000400,0.080000,1.000000,0.000000,1.000,1.200000
1,5,right_shoulder_pitch,0.000800,0.080000,0.000800,0.080000,0.000800,0.100000,0.100000,-0.850000,3.140000,0.010000,0,0.099200,Cruise,traj_vel,0.120000,1.200000,0.250000,0.010000,1.400000,1.100000,0.080000,12.000,1.000,0,0,5,tick,legacy,0.000800,0.080000,1.000000,0.000000,1.000,1.400000
2,10,right_shoulder_pitch,0.001200,0.080000,0.001200,0.080000,0.001200,0.100000,0.100000,-0.850000,3.140000,0.010000,0,0.098800,Cruise,traj_vel,0.120000,1.200000,0.250000,0.010000,1.600000,1.100000,0.080000,12.000,1.000,0,0,10,tick,legacy,0.001200,0.080000,1.000000,0.000000,1.000,1.600000
3,15,right_shoulder_pitch,0.001600,0.080000,0.001600,0.080000,0.001600,0.100000,0.100000,-0.850000,3.140000,0.010000,0,0.098400,Cruise,traj_vel,0.120000,1.200000,0.250000,0.010000,1.800000,1.100000,0.080000,12.000,1.000,0,0,15,tick,legacy,0.001600,0.080000,1.000000,0.000000,1.000,1.800000
4,20,right_shoulder_pitch,0.002000,0.080000,0.002000,0.080000,0.002000,0.100000,0.100000,-0.850000,3.140000,0.010000,0,0.098000,Cruise,traj_vel,0.120000,1.200000,0.250000,0.010000,2.000000,1.100000,0.080000,12.000,1.000,0,0,20,tick,legacy,0.002000,0.080000,1.000000,0.000000,1.000,2.000000
5,25,right_shoulder_pitch,0.002400,0.080000,0.002400,0.080000,0.002400,0.100000,0.100000,-0.850000,3.140000,0.010000,0,0.097600,Cruise,traj_vel,0.120000,1.200000,0.250000,0.010000,2.200000,1.100000,0.080000,12.000,1.000,0,0,25,tick,legacy,0.002400,0.080000,1.000000,0.000000,1.000,2.200000
6,30,right_shoulder_pitch,0.002800,0.080000,0.002800,0.080000,0.002800,0.100000,0.100000,-0.850000,3.140000,0.010000,0,0.097200,Cruise,traj_vel,0.120000,1.200000,0.250000,0.010000,2.400000,1.100000,0.080000,12.000,1.000,0,0,30,tick,legacy,0.002800,0.080000,1.000000,0.000000,1.000,2.400000
7,35,right_shoulder_pitch,0.003200,0.080000,0.003200,0.080000,0.003200,0.100000,0.100000,-0.850000,3.140000,0.010000,0,0.096800,Cruise,traj_vel,0.120000,1.200000,0.250000,0.010000,2.600000,1.100000,0.080000,12.000,1.000,0,0,35,tick,legacy,0.003200,0.080000,1.000000,0.000000,1.000,2.600000
8,40,right_shoulder_pitch,0.003600,0.080000,0.003600,0.080000,0.003600,0.100000,0.100000,-0.850000,3.140000,0.010000,0,0.096400,Cruise,traj_vel,0.120000,1.200000,0.250000,0.010000,2.800000,1.100000,0.080000,12.000,1.000,0,0,40,tick,legacy,0.003600,0.080000,1.000000,0.000000,1.000,2.800000
9,45,right_shoulder_pitch,0.004000,0.080000,0.004000,0.080000,0.004000,0.100000,0.100000,-0.850000,3.140000,0.010000,0,0.096000,Cruise,traj_vel,0.120000,1.200000,0.250000,0.010000,3.000000,1.100000,0.080000,12.000,1.000,0,0,45,tick,legacy,0.004000,0.080000,1.000000,0.000000,1.000,3.000000
10,50,right_shoulder_pitch,0.004400,0.080000,0.004400,0.080000,0.004400,0.100000,0.100000,-0.850000,3.140000,0.010000,0,0.095600,Cruise,traj_vel,0.120000,1.200000,0.250000,0.010000,3.200000,1.100000,0.080000,12.000,1.000,0,0,50,tick,legacy,0.004400,0.080000,1.000000,0.000000,1.000,3.200000
11,55,right_shoulder_pitch,0.004800,0.080000,0.004800,0.080000,0.004800,0.100000,0.100000,-0.850000,3.140000,0.010000,0,0.095200,Cruise,traj_vel,0.120000,1.200000,0.250000,0.010000,3.400000,1.100000,0.080000,12.000,1.000,0,0,55,tick,legacy,0.004800,0.080000,1.000000,0.000000,1.000,3.400000
12,60,right_shoulder_pitch,0.005200,0.080000,0.005200,0.080000,0.005200,0.100000,0.100000,-0.850000,3.140000,0.010000,0,0.094800,Cruise,traj_vel,0.120000,1.200000,0.250000,0.010000,3.600000,1.100000,0.080000,12.000,1.000,0,0,60,tick,legacy,0.005200,0.080000,1.000000,0.000000,1.000,3.600000
13,65,right_shoulder_pitch,0.005600,0.080000,0.005600,0.080000,0.005600,0.100000,0.100000,-0.850000,3.140000,0.010000,0,0.094400,Cruise,traj_vel,0.120000,1.200000,0.250000,0.010000,3.800000,1.100000,0.080000,12.000,1.000,0,0,65,tick,legacy,0.005600,0.080000,1.000000,0.000000,1.000,3.800000
14,70,right_shoulder_pitch,0.006000,0.080000,0.006000,0.080000,0.006000,0.100000,0.100000,-0.850000,3.140000,0.010000,0,0.094000,Cruise,traj_vel,0.120000,1.200000,0.250000,0.010000,4.000000,1.100000,0.080000,12.000,1.000,0,0,70,tick,legacy,0.006000,0.080000,1.000000,0.000000,1.000,4.000000
15,75,right_shoulder_pitch,0.006400,0.080000,0.006400,0.080000,0.006400,0.100000,0.100000,-0.850000,3.140000,0.010000,0,0.093600,Cruise,traj_vel,0.120000,1.200000,0.250000,0.010000,4.200000,1.100000,0.080000,12.000,1.000,0,0,75,tick,legacy,0.006400,0.080000,1.000000,0.000000,1.000,4.200000
16,80,right_shoulder_pitch,0.006800,0.080000,0.006800,0.080000,0.006800,0.100000,0.100000,-0.850000,3.140000,0.010000,0,0.093200,Cruise,traj_vel,0.120000,1.200000,0.250000,0.010000,4.400000,1.100000,0.080000,12.000,1.000,0,0,80,tick,legacy,0.006800,0.080000,1.000000,0.000000,1.000,4.400000
17,85,right_shoulder_pitch,0.007200,0.080000,0.007200,0.080000,0.007200,0.100000,0.100000,-0.850000,3.140000,0.010000,0,0.092800,Cruise,traj_vel,0.120000,1.200000,0.250000,0.010000,4.600000,1.100000,0.080000,12.000,1.000,0,0,85,tick,legacy,0.007200,0.080000,1.000000,0.000000,1.000,4.600000
18,90,right_shoulder_pitch,0.007600,0.080000,0.007600,0.080000,0.007600,0.100000,0.100000,-0.850000,3.140000,0.010000,0,0.092400,Cruise,traj_vel,0.120000,1.200000,0.250000,0.010000,4.800000,1.100000,0.080000,12.000,1.000,0,0,90,tick,legacy,0.007600,0.080000,1.000000,0.000000,1.000,4.800000
19,95,right_shoulder_pitch,0.008000,0.080000,0.008000,0.080000,0.008000,0.100000,0.100000,-0.850000,3.140000,0.010000,0,0.092000,Cruise,traj_vel,0.120000,1.200000,0.250000,0.010000,5.000000,1.100000,0.080000,12.000,1.000,0,0,95,tick,legacy,0.008000,0.080000,1.000000,0.000000,1.000,5.000000
20,100,right_shoulder_pitch,0.008400,0.080000,0.008400,0.080000,0.008400,0.100000,0.100000,-0.850000,3.140000,0.010000,0,0.091600,Cruise,traj_vel,0.120000,1.200000,0.250000,0.010000,5.200000,1.100000,0.080000,12.000,1.000,0,0,100,tick,legacy,0.008400,0.080000,1.000000,0.000000,1.000,5.200000
21,105,right_shoulder_pitch,0.008800,0.080000,0.008800,0.080000,0.008800,0.100000,0.100000,-0.850000,3.140000,0.010000,0,0.091200,Cruise,traj_vel,0.120000,1.200000,0.250000,0.010000,5.400000,1.100000,0.080000,12.000,1.000,0,0,105,tick,legacy,0.008800,0.080000,1.000000,0.000000,1.000,5.400000
22,110,right_shoulder_pitch,0.009200,0.080000,0.009200,0.080000,0.009200,0.100000,0.100000,-0.850000,3.140000,0.010000,0,0.090800,Cruise,traj_vel,0.120000,1.200000,0.250000,0.010000,5.600000,1.100000,0.080000,12.000,1.000,0,0,110,tick,legacy,0.009200,0.080000,1.000000,0.000000,1.000,5.600000
23,115,right_shoulder_pitch,0.009600,0.080000,0.009600,0.080000,0.009600,0.100000,0.100000,-0.850000,3.140000,0.010000,0,0.090400,Cruise,traj_vel,0.120000,1.200000,0.250000,0.010000,5.800000,1.100000,0.080000,12.000,1.000,0,0,115,tick,legacy,0.009600,0.080000,1.000000,0.000000,1.000,5.800000
24,120,right_shoulder_pitch,0.010000,0.080000,0.010000,0.080000,0.010000,0.100000,0.100000,-0.850000,3.140000,0.010000,0,0.090000,Cruise,traj_vel,0.120000,1.200000,0.250000,0.010000,6.000000,1.100000,0.080000,12.000,1.000,0,0,120,tick,legacy,0.010000,0.080000,1.000000,0.000000,1.000,6.000000
25,125,right_shoulder_pitch,0.010400,0.080000,0.010400,0.080000,0.010400,0.100000,0.100000,-0.850000,3.140000,0.010000,0,0.089600,Cruise,traj_vel,0.120000,1.200000,0.250000,0.010000,6.200000,1.100000,0.080000,12.000,1.000,0,0,125,tick,legacy,0.010400,0.080000,1.000000,0.000000,1.000,6.200000
26,130,right_shoulder_pitch,0.010800,0.080000,0.010800,0.080000,0.010800,0.100000,0.100000,-0.850000,3.140000,0.010000,0,0.089200,Cruise,traj_vel,0.120000,1.200000,0.250000,0.010000,6.400000,1.100000,0.080000,12.000,1.000,0,0,130,tick,legacy,0.010800,0.080000,1.000000,0.000000,1.000,6.400000
27,135,right_shoulder_pitch,0.011200,0.080000,0.011200,0.080000,0.011200,0.100000,0.100000,-0.850000,3.140000,0.010000,0,0.088800,Cruise,traj_vel,0.120000,1.200000,0.250000,0.010000,6.600000,1.100000,0.080000,12.000,1.000,0,0,135,tick,legacy,0.011200,0.080000,1.000000,0.000000,1.000,6.600000
28,140,right_shoulder_pitch,0.011600,0.080000,0.011600,0.080000,0.011600,0.100000,0.100000,-0.850000,3.140000,0.010000,0,0.088400,Cruise,traj_vel,0.120000,1.200000,0.250000,0.010000,6.800000,1.100000,0.080000,12.000,1.000,0,0,140,tick,legacy,0.011600,0.080000,1.000000,0.000000,1.000,6.800000
29,145,right_shoulder_pitch,0.012000,0.080000,0.012000,0.080000,0.012000,0.100000,0.100000,-0.850000,3.140000,0.010000,0,0.088000,Cruise,traj_vel,0.120000,1.200000,0.250000,0.010000,7.000000,1.100000,0.080000,12.000,1.000,0,0,145,tick,legacy,0.012000,0.080000,1.000000,0.000000,1.000,7.000000
30,150,right_shoulder_pitch,0.012400,0.080000,0.012400,0.080000,0.012400,0.100000,0.100000,-0.850000,3.140000,0.010000,0,0.087600,Cruise,traj_vel,0.120000,1.200000,0.250000,0.010000,7.200000,1.100000,0.080000,12.000,1.000,0,0,150,tick,legacy,0.012400,0.080000,1.000000,0.000000,1.000,7.200000
31,155,right_shoulder_pitch,0.012800,0.080000,0.012800,0.080000,0.012800,0.100000,0.100000,-0.850000,3.140000,0.010000,0,0.087200,Cruise,traj_vel,0.120000,1.200000,0.250000,0.010000,7.400000,1.100000,0.080000,12.000,1.000,0,0,155,tick,legacy,0.012800,0.080000,1.000000,0.000000,1.000,7.400000
32,160,right_shoulder_pitch,0.013200,0.080000,0.013200,0.080000,0.013200,0.100000,0.100000,-0.850000,3.140000,0.010000,0,0.086800,Cruise,traj_vel,0.120000,1.200000,0.250000,0.010000,7.600000,1.100000,0.080000,12.000,1.000,0,0,160,tick,legacy,0.013200,0.080000,1.000000,0.000000,1.000,7.600000
33,165,right_shoulder_pitch,0.013600,0.080000,0.013600,0.080000,0.013600,0.100000,0.100000,-0.850000,3.140000,0.010000,0,0.086400,Cruise,traj_vel,0.120000,1.200000,0.250000,0.010000,7.800000,1.100000,0.080000,12.000,1.000,0,0,165,tick,legacy,0.013600,0.080000,1.000000,0.000000,1.000,7.800000
34,170,right_shoulder_pitch,0.014000,0.080000,0.014000,0.080000,0.014000,0.100000,0.100000,-0.850000,3.140000,0.010000,0,0.086000,Cruise,traj_vel,0.120000,1.200000,0.250000,0.010000,8.000000,1.100000,0.080000,12.000,1.000,0,0,170,tick,legacy,0.014000,0.080000,1.000000,0.000000,1.000,8.000000
35,175,right_shoulder_pitch,0.014400,0.080000,0.014400,0.080000,0.014400,0.100000,0.100000,-0.850000,3.140000,0.010000,0,0.085600,Cruise,traj_vel,0.120000,1.200000,0.250000,0.010000,8.200000,1.100000,0.080000,12.000,1.000,0,0,175,tick,legacy,0.014400,0.080000,1.000000,0.000000,1.000,8.200000
36,180,right_shoulder_pitch,0.014800,0.080000,0.014800,0.080000,0.014800,0.100000,0.100000,-0.850000,3.140000,0.010000,0,0.085200,Cruise,traj_vel,0.120000,1.200000,0.250000,0.010000,8.400000,1.100000,0.080000,12.000,1.000,0,0,180,tick,legacy,0.014800,0.080000,1.000000,0.000000,1.000,8.400000
37,185,right_shoulder_pitch,0.015200,0.080000,0.015200,0.080000,0.015200,0.100000,0.100000,-0.850000,3.140000,0.010000,0,0.084800,Cruise,traj_vel,0.120000,1.200000,0.250000,0.010000,8.600000,1.100000,0.080000,12.000,1.000,0,0,185,tick,legacy,0.015200,0.080000,1.000000,0.000000,1.000,8.600000
38,190,right_shoulder_pitch,0.015600,0.080000,0.015600,0.080000,0.015600,0.100000,0.100000,-0.850000,3.140000,0.010000,0,0.084400,Cruise,traj_vel,0.120000,1.200000,0.250000,0.010000,8.800000,1.100000,0.080000,12.000,1.000,0,0,190,tick,legacy,0.015600,0.080000,1.000000,0.000000,1.000,8.800000
39,195,right_shoulder_pitch,0.016000,0.080000,0.016000,0.080000,0.016000,0.100000,0.100000,-0.850000,3.140000,0.010000,0,0.084000,Cruise,traj_vel,0.120000,1.200000,0.250000,0.010000,9.000000,1.100000,0.080000,12.000,1.000,0,0,195,tick,legacy,0.016000,0.080000,1.000000,0.000000,1.000,9.000000
40,200,right_shoulder_pitch,0.016400,0.080000,0.016400,0.080000,0.016400,0.100000,0.100000,-0.850000,3.140000,0.010000,0,0.083600,Cruise,traj_vel,0.120000,1.200000,0.250000,0.010000,9.200000,1.100000,0.080000,12.000,1.000,0,0,200,tick,legacy,0.016400,0.080000,1.000000,0.000000,1.000,9.200000
41,205,right_shoulder_pitch,0.016800,0.080000,0.016800,0.080000,0.016800,0.100000,0.100000,-0.850000,3.140000,0.010000,0,0.083200,Cruise,traj_vel,0.120000,1.200000,0.250000,0.010000,9.400000,1.100000,0.080000,12.000,1.000,0,0,205,tick,legacy,0.016800,0.080000,1.000000,0.000000,1.000,9.400000
42,210,right_shoulder_pitch,0.017200,0.080000,0.017200,0.080000,0.017200,0.100000,0.100000,-0.850000,3.140000,0.010000,0,0.082800,Cruise,traj_vel,0.120000,1.200000,0.250000,0.010000,9.600000,1.100000,0.080000,12.000,1.000,0,0,210,tick,legacy,0.017200,0.080000,1.000000,0.000000,1.000,9.600000
43,215,right_shoulder_pitch,0.017600,0.080000,0.017600,0.080000,0.017600,0.100000,0.100000,-0.850000,3.140000,0.010000,0,0.082400,Cruise,traj_vel,0.120000,1.200000,0.250000,0.010000,9.800000,1.100000,0.080000,12.000,1.000,0,0,215,tick,legacy,0.017600,0.080000,1.000000,0.000000,1.000,9.800000
44,220,right_shoulder_pitch,0.018000,0.080000,0.018000,0.080000,0.018000,0.100000,0.100000,-0.850000,3.140000,0.010000,0,0.082000,Cruise,traj_vel,0.120000,1.200000,0.250000,0.010000,10.000000,1.100000,0.080000,12.000,1.000,0,0,220,tick,legacy,0.018000,0.080000,1.000000,0.000000,1.000,10.000000
45,225,right_shoulder_pitch,0.018400,0.080000,0.018400,0.080000,0.018400,0.100000,0.100000,-0.850000,3.140000,0.010000,0,0.081600,Cruise,traj_vel,0.120000,1.200000,0.250000,0.010000,10.200000,1.100000,0.080000,12.000,1.000,0,0,225,tick,legacy,0.018400,0.080000,1.000000,0.000000,1.000,10.200000
46,230,right_shoulder_pitch,0.018800,0.080000,0.018800,0.080000,0.018800,0.100000,0.100000,-0.850000,3.140000,0.010000,0,0.081200,Cruise,traj_vel,0.120000,1.200000,0.250000,0.010000,10.400000,1.100000,0.080000,12.000,1.000,0,0,230,tick,legacy,0.018800,0.080000,1.000000,0.000000,1.000,10.400000
47,235,right_shoulder_pitch,0.019200,0.080000,0.019200,0.080000,0.019200,0.100000,0.100000,-0.850000,3.140000,0.010000,0,0.080800,Cruise,traj_vel,0.120000,1.200000,0.250000,0.010000,10.600000,1.100000,0.080000,12.000,1.000,0,0,235,tick,legacy,0.019200,0.080000,1.000000,0.000000,1.000,10.600000
48,240,right_shoulder_pitch,0.019600,0.080000,0.019600,0.080000,0.019600,0.100000,0.100000,-0.850000,3.140000,0.010000,0,0.080400,Cruise,traj_vel,0.120000,1.200000,0.250000,0.010000,10.800000,1.100000,0.080000,12.000,1.000,0,0,240,tick,legacy,0.019600,0.080000,1.000000,0.000000,1.000,10.800000
49,245,right_shoulder_pitch,0.020000,0.080000,0.020000,0.080000,0.020000,0.100000,0.100000,-0.850000,3.140000,0.010000,0,0.080000,Cruise,traj_vel,0.120000,1.200000,0.250000,0.010000,11.000000,1.100000,0.080000,12.000,1.000,0,0,245,tick,legacy,0.020000,0.080000,1.000000,0.000000,1.000,11.000000
50,250,right_shoulder_pitch,0.020400,0.080000,0.020400,0.080000,0.020400,0.100000,0.100000,-0.850000,3.140000,0.010000,0,0.079600,Cruise,traj_vel,0.120000,1.200000,0.250000,0.010000,11.200000,1.100000,0.080000,12.000,1.000,0,0,250,tick,legacy,0.020400,0.080000,1.000000,0.000000,1.000,11.200000
51,255,right_shoulder_pitch,0.020800,0.080000,0.020800,0.080000,0.020800,0.100000,0.100000,-0.850000,3.140000,0.010000,0,0.079200,Cruise,traj_vel,0.120000,1.200000,0.250000,0.010000,11.400000,1.100000,0.080000,12.000,1.000,0,0,255,tick,legacy,0.020800,0.080000,1.000000,0.000000,1.000,11.400000
52,260,right_shoulder_pitch,0.021200,0.080000,0.021200,0.080000,0.021200,0.100000,0.100000,-0.850000,3.140000,0.010000,0,0.078800,Cruise,traj_vel,0.120000,1.200000,0.250000,0.010000,11.600000,1.100000,0.080000,12.000,1.000,0,0,260,tick,legacy,0.021200,0.080000,1.000000,0.000000,1.000,11.600000
53,265,right_shoulder_pitch,0.021600,0.080000,0.021600,0.080000,0.021600,0.100000,0.100000,-0.850000,3.140000,0.010000,0,0.078400,Cruise,traj_vel,0.120000,1.200000,0.250000,0.010000,11.800000,1.100000,0.080000,12.000,1.000,0,0,265,tick,legacy,0.021600,0.080000,1.000000,0.000000,1.000,11.800000
54,270,right_shoulder_pitch,0.022000,0.080000,0.022000,0.080000,0.022000,0.100000,0.100000,-0.850000,3.140000,0.010000,0,0.078000,Cruise,traj_vel,0.120000,1.200000,0.250000,0.010000,12.000000,1.100000,0.080000,12.000,1.000,0,0,270,tick,legacy,0.022000,0.080000,1.000000,0.000000,1.000,12.000000
55,275,right_shoulder_pitch,0.022400,0.080000,0.022400,0.080000,0.022400,0.100000,0.100000,-0.850000,3.140000,0.010000,0,0.077600,Cruise,traj_vel,0.120000,1.200000,0.250000,0.010000,12.200000,1.100000,0.080000,12.000,1.000,0,0,275,tick,legacy,0.022400,0.080000,1.000000,0.000000,1.000,12.200000
56,280,right_shoulder_pitch,0.022800,0.080000,0.022800,0.080000,0.022800,0.100000,0.100000,-0.850000,3.140000,0.010000,0,0.077200,Cruise,traj_vel,0.120000,1.200000,0.250000,0.010000,12.400000,1.100000,0.080000,12.000,1.000,0,0,280,tick,legacy,0.022800,0.080000,1.000000,0.000000,1.000,12.400000
57,285,right_shoulder_pitch,0.023200,0.080000,0.023200,0.080000,0.023200,0.100000,0.100000,-0.850000,3.140000,0.010000,0,0.076800,Cruise,traj_vel,0.120000,1.200000,0.250000,0.010000,12.600000,1.100000,0.080000,12.000,1.000,0,0,285,tick,legacy,0.023200,0.080000,1.000000,0.000000,1.000,12.600000
58,290,right_shoulder_pitch,0.023600,0.080000,0.023600,0.080000,0.023600,0.100000,0.100000,-0.850000,3.140000,0.010000,0,0.076400,Cruise,traj_vel,0.120000,1.200000,0.250000,0.010000,12.800000,1.100000,0.080000,12.000,1.000,0,0,290,tick,legacy,0.023600,0.080000,1.000000,0.000000,1.000,12.800000
59,295,right_shoulder_pitch,0.024000,0.080000,0.024000,0.080000,0.024000,0.100000,0.100000,-0.850000,3.140000,0.010000,0,0.076000,Cruise,traj_vel,0.120000,1.200000,0.250000,0.010000,13.000000,1.100000,0.080000,12.000,1.000,0,0,295,tick,legacy,0.024000,0.080000,1.000000,0.000000,1.000,13.000000
60,300,right_shoulder_pitch,0.024400,0.080000,0.024400,0.080000,0.024400,0.100000,0.100000,-0.850000,3.140000,0.010000,0,0.075600,Cruise,traj_vel,0.120000,1.200000,0.250000,0.010000,13.200000,1.100000,0.080000,12.000,1.000,0,0,300,tick,legacy,0.024400,0.080000,1.000000,0.000000,1.000,13.200000
61,305,right_shoulder_pitch,0.024800,0.080000,0.024800,0.080000,0.024800,0.100000,0.100000,-0.850000,3.140000,0.010000,0,0.075200,Cruise,traj_vel,0.120000,1.200000,0.250000,0.010000,13.400000,1.100000,0.080000,12.000,1.000,0,0,305,tick,legacy,0.024800,0.080000,1.000000,0.000000,1.000,13.400000
62,310,right_shoulder_pitch,0.025200,0.080000,0.025200,0.080000,0.025200,0.100000,0.100000,-0.850000,3.140000,0.010000,0,0.074800,Cruise,traj_vel,0.120000,1.200000,0.250000,0.010000,13.600000,1.100000,0.080000,12.000,1.000,0,0,310,tick,legacy,0.025200,0.080000,1.000000,0.000000,1.000,13.600000
63,315,right_shoulder_pitch,0.025600,0.080000,0.025600,0.080000,0.025600,0.100000,0.100000,-0.850000,3.140000,0.010000,0,0.074400,Cruise,traj_vel,0.120000,1.200000,0.250000,0.010000,13.800000,1.100000,0.080000,12.000,1.000,0,0,315,tick,legacy,0.025600,0.080000,1.000000,0.000000,1.000,13.800000
64,320,right_shoulder_pitch,0.026000,0.080000,0.026000,0.080000,0.026000,0.100000,0.100000,-0.850000,3.140000,0.010000,0,0.074000,Cruise,traj_vel,0.120000,1.200000,0.250000,0.010000,14.000000,1.100000,0.080000,12.000,1.000,0,0,320,tick,legacy,0.026000,0.080000,1.000000,0.000000,1.000,14.000000
65,325,right_shoulder_pitch,0.026400,0.080000,0.026400,0.080000,0.026400,0.100000,0.100000,-0.850000,3.140000,0.010000,0,0.073600,Cruise,traj_vel,0.120000,1.200000,0.250000,0.010000,14.200000,1.100000,0.080000,12.000,1.000,0,0,325,tick,legacy,0.026400,0.080000,1.000000,0.000000,1.000,14.200000
66,330,right_shoulder_pitch,0.026800,0.080000,0.026800,0.080000,0.026800,0.100000,0.100000,-0.850000,3.140000,0.010000,0,0.073200,Cruise,traj_vel,0.120000,1.200000,0.250000,0.010000,14.400000,1.100000,0.080000,12.000,1.000,0,0,330,tick,legacy,0.026800,0.080000,1.000000,0.000000,1.000,14.400000
67,335,right_shoulder_pitch,0.027200,0.080000,0.027200,0.080000,0.027200,0.100000,0.100000,-0.850000,3.140000,0.010000,0,0.072800,Cruise,traj_vel,0.120000,1.200000,0.250000,0.010000,14.600000,1.100000,0.080000,12.000,1.000,0,0,335,tick,legacy,0.027200,0.080000,1.000000,0.000000,1.000,14.600000
68,340,right_shoulder_pitch,0.027600,0.080000,0.027600,0.080000,0.027600,0.100000,0.100000,-0.850000,3.140000,0.010000,0,0.072400,Cruise,traj_vel,0.120000,1.200000,0.250000,0.010000,14.800000,1.100000,0.080000,12.000,1.000,0,0,340,tick,legacy,0.027600,0.080000,1.000000,0.000000,1.000,14.800000
69,345,right_shoulder_pitch,0.028000,0.080000,0.028000,0.080000,0.028000,0.100000,0.100000,-0.850000,3.140000,0.010000,0,0.072000,Cruise,traj_vel,0.120000,1.200000,0.250000,0.010000,15.000000,1.100000,0.080000,12.000,1.000,0,0,345,tick,legacy,0.028000,0.080000,1.000000,0.000000,1.000,15.000000
70,350,right_shoulder_pitch,0.028400,0.080000,0.028400,0.080000,0.028400,0.100000,0.100000,-0.850000,3.140000,0.010000,0,0.071600,Cruise,traj_vel,0.120000,1.200000,0.250000,0.010000,15.200000,1.100000,0.080000,12.000,1.000,0,0,350,tick,legacy,0.028400,0.080000,1.000000,0.000000,1.000,15.200000
71,355,right_shoulder_pitch,0.028800,0.080000,0.028800,0.080000,0.028800,0.100000,0.100000,-0.850000,3.140000,0.010000,0,0.071200,Cruise,traj_vel,0.120000,1.200000,0.250000,0.010000,15.400000,1.100000,0.080000,12.000,1.000,0,0,355,tick,legacy,0.028800,0.080000,1.000000,0.000000,1.000,15.400000
72,360,right_shoulder_pitch,0.029200,0.080000,0.029200,0.080000,0.029200,0.100000,0.100000,-0.850000,3.140000,0.010000,0,0.070800,Cruise,traj_vel,0.120000,1.200000,0.250000,0.010000,15.600000,1.100000,0.080000,12.000,1.000,0,0,360,tick,legacy,0.029200,0.080000,1.000000,0.000000,1.000,15.600000
73,365,right_shoulder_pitch,0.029600,0.080000,0.029600,0.080000,0.029600,0.100000,0.100000,-0.850000,3.140000,0.010000,0,0.070400,Cruise,traj_vel,0.120000,1.200000,0.250000,0.010000,15.800000,1.100000,0.080000,12.000,1.000,0,0,365,tick,legacy,0.029600,0.080000,1.000000,0.000000,1.000,15.800000
74,370,right_shoulder_pitch,0.030000,0.080000,0.030000,0.080000,0.030000,0.100000,0.100000,-0.850000,3.140000,0.010000,0,0.070000,Cruise,traj_vel,0.120000,1.200000,0.250000,0.010000,16.000000,1.100000,0.080000,12.000,1.000,0,0,370,tick,legacy,0.030000,0.080000,1.000000,0.000000,1.000,16.000000
75,375,right_shoulder_pitch,0.030400,0.080000,0.030400,0.080000,0.030400,0.100000,0.100000,-0.850000,3.140000,0.010000,0,0.069600,Cruise,traj_vel,0.120000,1.200000,0.250000,0.010000,16.200000,1.100000,0.080000,12.000,1.000,0,0,375,tick,legacy,0.030400,0.080000,1.000000,0.000000,1.000,16.200000
76,380,right_shoulder_pitch,0.030800,0.080000,0.030800,0.080000,0.030800,0.100000,0.100000,-0.850000,3.140000,0.010000,0,0.069200,Cruise,traj_vel,0.120000,1.200000,0.250000,0.010000,16.400000,1.100000,0.080000,12.000,1.000,0,0,380,tick,legacy,0.030800,0.080000,1.000000,0.000000,1.000,16.400000
77,385,right_shoulder_pitch,0.031200,0.080000,0.031200,0.080000,0.031200,0.100000,0.100000,-0.850000,3.140000,0.010000,0,0.068800,Cruise,traj_vel,0.120000,1.200000,0.250000,0.010000,16.600000,1.100000,0.080000,12.000,1.000,0,0,385,tick,legacy,0.031200,0.080000,1.000000,0.000000,1.000,16.600000
78,390,right_shoulder_pitch,0.031600,0.080000,0.031600,0.080000,0.031600,0.100000,0.100000,-0.850000,3.140000,0.010000,0,0.068400,Cruise,traj_vel,0.120000,1.200000,0.250000,0.010000,16.800000,1.100000,0.080000,12.000,1.000,0,0,390,tick,legacy,0.031600,0.080000,1.000000,0.000000,1.000,16.800000
79,395,right_shoulder_pitch,0.032000,0.080000,0.032000,0.080000,0.032000,0.100000,0.100000,-0.850000,3.140000,0.010000,0,0.068000,Cruise,traj_vel,0.120000,1.200000,0.250000,0.010000,17.000000,1.100000,0.080000,12.000,1.000,0,0,395,tick,legacy,0.032000,0.080000,1.000000,0.000000,1.000,17.000000
80,400,right_shoulder_pitch,0.032400,0.080000,0.032400,0.080000,0.032400,0.100000,0.100000,-0.850000,3.140000,0.010000,0,0.067600,Cruise,traj_vel,0.120000,1.200000,0.250000,0.010000,17.200000,1.100000,0.080000,12.000,1.000,0,0,400,tick,legacy,0.032400,0.080000,1.000000,0.000000,1.000,17.200000
81,405,right_shoulder_pitch,0.032800,0.080000,0.032800,0.080000,0.032800,0.100000,0.100000,-0.850000,3.140000,0.010000,0,0.067200,Cruise,traj_vel,0.120000,1.200000,0.250000,0.010000,17.400000,1.100000,0.080000,12.000,1.000,0,0,405,tick,legacy,0.032800,0.080000,1.000000,0.000000,1.000,17.400000
82,410,right_shoulder_pitch,0.033200,0.080000,0.033200,0.080000,0.033200,0.100000,0.100000,-0.850000,3.140000,0.010000,0,0.066800,Cruise,traj_vel,0.120000,1.200000,0.250000,0.010000,17.600000,1.100000,0.080000,12.000,1.000,0,0,410,tick,legacy,0.033200,0.080000,1.000000,0.000000,1.000,17.600000
83,415,right_shoulder_pitch,0.033600,0.080000,0.033600,0.080000,0.033600,0.100000,0.100000,-0.850000,3.140000,0.010000,0,0.066400,Cruise,traj_vel,0.120000,1.200000,0.250000,0.010000,17.800000,1.100000,0.080000,12.000,1.000,0,0,415,tick,legacy,0.033600,0.080000,1.000000,0.000000,1.000,17.800000
84,420,right_shoulder_pitch,0.034000,0.080000,0.034000,0.080000,0.034000,0.100000,0.100000,-0.850000,3.140000,0.010000,0,0.066000,Cruise,traj_vel,0.120000,1.200000,0.250000,0.010000,18.000000,1.100000,0.080000,12.000,1.000,0,0,420,tick,legacy,0.034000,0.080000,1.000000,0.000000,1.000,18.000000
85,425,right_shoulder_pitch,0.034400,0.080000,0.034400,0.080000,0.034400,0.100000,0.100000,-0.850000,3.140000,0.010000,0,0.065600,Cruise,traj_vel,0.120000,1.200000,0.250000,0.010000,18.200000,1.100000,0.080000,12.000,1.000,0,0,425,tick,legacy,0.034400,0.080000,1.000000,0.000000,1.000,18.200000
86,430,right_shoulder_pitch,0.034800,0.080000,0.034800,0.080000,0.034800,0.100000,0.100000,-0.850000,3.140000,0.010000,0,0.065200,Cruise,traj_vel,0.120000,1.200000,0.250000,0.010000,18.400000,1.100000,0.080000,12.000,1.000,0,0,430,tick,legacy,0.034800,0.080000,1.000000,0.000000,1.000,18.400000
87,435,right_shoulder_pitch,0.035200,0.080000,0.035200,0.080000,0.035200,0.100000,0.100000,-0.850000,3.140000,0.010000,0,0.064800,Cruise,traj_vel,0.120000,1.200000,0.250000,0.010000,18.600000,1.100000,0.080000,12.000,1.000,0,0,435,tick,legacy,0.035200,0.080000,1.000000,0.000000,1.000,18.600000
88,440,right_shoulder_pitch,0.035600,0.080000,0.035600,0.080000,0.035600,0.100000,0.100000,-0.850000,3.140000,0.010000,0,0.064400,Cruise,traj_vel,0.120000,1.200000,0.250000,0.010000,18.800000,1.100000,0.080000,12.000,1.000,0,0,440,tick,legacy,0.035600,0.080000,1.000000,0.000000,1.000,18.800000
89,445,right_shoulder_pitch,0.036000,0.080000,0.036000,0.080000,0.036000,0.100000,0.100000,-0.850000,3.140000,0.010000,0,0.064000,Cruise,traj_vel,0.120000,1.200000,0.250000,0.010000,19.000000,1.100000,0.080000,12.000,1.000,0,0,445,tick,legacy,0.036000,0.080000,1.000000,0.000000,1.000,19.000000
90,450,right_shoulder_pitch,0.036400,0.080000,0.036400,0.080000,0.036400,0.100000,0.100000,-0.850000,3.140000,0.010000,0,0.063600,Cruise,traj_vel,0.120000,1.200000,0.250000,0.010000,19.200000,1.100000,0.080000,12.000,1.000,0,0,450,tick,legacy,0.036400,0.080000,1.000000,0.000000,1.000,19.200000
91,455,right_shoulder_pitch,0.036800,0.080000,0.036800,0.080000,0.036800,0.100000,0.100000,-0.850000,3.140000,0.010000,0,0.063200,Cruise,traj_vel,0.120000,1.200000,0.250000,0.010000,19.400000,1.100000,0.080000,12.000,1.000,0,0,455,tick,legacy,0.036800,0.080000,1.000000,0.000000,1.000,19.400000
92,460,right_shoulder_pitch,0.037200,0.080000,0.037200,0.080000,0.037200,0.100000,0.100000,-0.850000,3.140000,0.010000,0,0.062800,Cruise,traj_vel,0.120000,1.200000,0.250000,0.010000,19.600000,1.100000,0.080000,12.000,1.000,0,0,460,tick,legacy,0.037200,0.080000,1.000000,0.000000,1.000,19.600000
93,465,right_shoulder_pitch,0.037600,0.080000,0.037600,0.080000,0.037600,0.100000,0.100000,-0.850000,3.140000,0.010000,0,0.062400,Cruise,traj_vel,0.120000,1.200000,0.250000,0.010000,19.800000,1.100000,0.080000,12.000,1.000,0,0,465,tick,legacy,0.037600,0.080000,1.000000,0.000000,1.000,19.800000
94,470,right_shoulder_pitch,0.038000,0.080000,0.038000,0.080000,0.038000,0.100000,0.100000,-0.850000,3.140000,0.010000,0,0.062000,Cruise,traj_vel,0.120000,1.200000,0.250000,0.010000,20.000000,1.100000,0.080000,12.000,1.000,0,0,470,tick,legacy,0.038000,0.080000,1.000000,0.000000,1.000,20.000000
95,475,right_shoulder_pitch,0.038400,0.080000,0.038400,0.080000,0.038400,0.100000,0.100000,-0.850000,3.140000,0.010000,0,0.061600,Cruise,traj_vel,0.120000,1.200000,0.250000,0.010000,20.200000,1.100000,0.080000,12.000,1.000,0,0,475,tick,legacy,0.038400,0.080000,1.000000,0.000000,1.000,20.200000
96,480,right_shoulder_pitch,0.038800,0.080000,0.038800,0.080000,0.038800,0.100000,0.100000,-0.850000,3.140000,0.010000,0,0.061200,Cruise,traj_vel,0.120000,1.200000,0.250000,0.010000,20.400000,1.100000,0.080000,12.000,1.000,0,0,480,tick,legacy,0.038800,0.080000,1.000000,0.000000,1.000,20.400000
97,485,right_shoulder_pitch,0.039200,0.080000,0.039200,0.080000,0.039200,0.100000,0.100000,-0.850000,3.140000,0.010000,0,0.060800,Cruise,traj_vel,0.120000,1.200000,0.250000,0.010000,20.600000,1.100000,0.080000,12.000,1.000,0,0,485,tick,legacy,0.039200,0.080000,1.000000,0.000000,1.000,20.600000
98,490,right_shoulder_pitch,0.039600,0.080000,0.039600,0.080000,0.039600,0.100000,0.100000,-0.850000,3.140000,0.010000,0,0.060400,Cruise,traj_vel,0.120000,1.200000,0.250000,0.010000,20.800000,1.100000,0.080000,12.000,1.000,0,0,490,tick,legacy,0.039600,0.080000,1.000000,0.000000,1.000,20.800000
99,495,right_shoulder_pitch,0.040000,0.080000,0.040000,0.080000,0.040000,0.100000,0.100000,-0.850000,3.140000,0.010000,0,0.060000,Cruise,traj_vel,0.120000,1.200000,0.250000,0.010000,21.000000,1.100000,0.080000,12.000,1.000,0,0,495,tick,legacy,0.040000,0.080000,1.000000,0.000000,1.000,21.000000
0,500,right_shoulder_pitch,0.099600,-0.080000,0.099600,-0.080000,0.099600,0.000000,0.000000,-0.850000,3.140000,0.010000,0,-0.099600,Cruise,traj_vel,0.120000,1.200000,0.250000,0.010000,1.200000,1.100000,-0.080000,12.000,1.000,0,0,0,tick,legacy,0.099600,-0.080000,1.000000,0.000000,1.000,1.200000
1,505,right_shoulder_pitch,0.099200,-0.080000,0.099200,-0.080000,0.099200,0.000000,0.000000,-0.850000,3.140000,0.010000,0,-0.099200,Cruise,traj_vel,0.120000,1.200000,0.250000,0.010000,1.400000,1.100000,-0.080000,12.000,1.000,0,0,5,tick,legacy,0.099200,-0.080000,1.000000,0.000000,1.000,1.400000
2,510,right_shoulder_pitch,0.098800,-0.080000,0.098800,-0.080000,0.098800,0.000000,0.000000,-0.850000,3.140000,0.010000,0,-0.098800,Cruise,traj_vel,0.120000,1.200000,0.250000,0.010000,1.600000,1.100000,-0.080000,12.000,1.000,0,0,10,tick,legacy,0.098800,-0.080000,1.000000,0.000000,1.000,1.600000
3,515,right_shoulder_pitch,0.098400,-0.080000,0.098400,-0.080000,0.098400,0.000000,0.000000,-0.850000,3.140000,0.010000,0,-0.098400,Cruise,traj_vel,0.120000,1.200000,0.250000,0.010000,1.800000,1.100000,-0.080000,12.000,1.000,0,0,15,tick,legacy,0.098400,-0.080000,1.000000,0.000000,1.000,1.800000
4,520,right_shoulder_pitch,0.098000,-0.080000,0.098000,-0.080000,0.098000,0.000000,0.000000,-0.850000,3.140000,0.010000,0,-0.098000,Cruise,traj_vel,0.120000,1.200000,0.250000,0.010000,2.000000,1.100000,-0.080000,12.000,1.000,0,0,20,tick,legacy,0.098000,-0.080000,1.000000,0.000000,1.000,2.000000
5,525,right_shoulder_pitch,0.097600,-0.080000,0.097600,-0.080000,0.097600,0.000000,0.000000,-0.850000,3.140000,0.010000,0,-0.097600,Cruise,traj_vel,0.120000,1.200000,0.250000,0.010000,2.200000,1.100000,-0.080000,12.000,1.000,0,0,25,tick,legacy,0.097600,-0.080000,1.000000,0.000000,1.000,2.200000
6,530,right_shoulder_pitch,0.097200,-0.080000,0.097200,-0.080000,0.097200,0.000000,0.000000,-0.850000,3.140000,0.010000,0,-0.097200,Cruise,traj_vel,0.120000,1.200000,0.250000,0.010000,2.400000,1.100000,-0.080000,12.000,1.000,0,0,30,tick,legacy,0.097200,-0.080000,1.000000,0.000000,1.000,2.400000
7,535,right_shoulder_pitch,0.096800,-0.080000,0.096800,-0.080000,0.096800,0.000000,0.000000,-0.850000,3.140000,0.010000,0,-0.096800,Cruise,traj_vel,0.120000,1.200000,0.250000,0.010000,2.600000,1.100000,-0.080000,12.000,1.000,0,0,35,tick,legacy,0.096800,-0.080000,1.000000,0.000000,1.000,2.600000
8,540,right_shoulder_pitch,0.096400,-0.080000,0.096400,-0.080000,0.096400,0.000000,0.000000,-0.850000,3.140000,0.010000,0,-0.096400,Cruise,traj_vel,0.120000,1.200000,0.250000,0.010000,2.800000,1.100000,-0.080000,12.000,1.000,0,0,40,tick,legacy,0.096400,-0.080000,1.000000,0.000000,1.000,2.800000
9,545,right_shoulder_pitch,0.096000,-0.080000,0.096000,-0.080000,0.096000,0.000000,0.000000,-0.850000,3.140000,0.010000,0,-0.096000,Cruise,traj_vel,0.120000,1.200000,0.250000,0.010000,3.000000,1.100000,-0.080000,12.000,1.000,0,0,45,tick,legacy,0.096000,-0.080000,1.000000,0.000000,1.000,3.000000
10,550,right_shoulder_pitch,0.095600,-0.080000,0.095600,-0.080000,0.095600,0.000000,0.000000,-0.850000,3.140000,0.010000,0,-0.095600,Cruise,traj_vel,0.120000,1.200000,0.250000,0.010000,3.200000,1.100000,-0.080000,12.000,1.000,0,0,50,tick,legacy,0.095600,-0.080000,1.000000,0.000000,1.000,3.200000
11,555,right_shoulder_pitch,0.095200,-0.080000,0.095200,-0.080000,0.095200,0.000000,0.000000,-0.850000,3.140000,0.010000,0,-0.095200,Cruise,traj_vel,0.120000,1.200000,0.250000,0.010000,3.400000,1.100000,-0.080000,12.000,1.000,0,0,55,tick,legacy,0.095200,-0.080000,1.000000,0.000000,1.000,3.400000
12,560,right_shoulder_pitch,0.094800,-0.080000,0.094800,-0.080000,0.094800,0.000000,0.000000,-0.850000,3.140000,0.010000,0,-0.094800,Cruise,traj_vel,0.120000,1.200000,0.250000,0.010000,3.600000,1.100000,-0.080000,12.000,1.000,0,0,60,tick,legacy,0.094800,-0.080000,1.000000,0.000000,1.000,3.600000
13,565,right_shoulder_pitch,0.094400,-0.080000,0.094400,-0.080000,0.094400,0.000000,0.000000,-0.850000,3.140000,0.010000,0,-0.094400,Cruise,traj_vel,0.120000,1.200000,0.250000,0.010000,3.800000,1.100000,-0.080000,12.000,1.000,0,0,65,tick,legacy,0.094400,-0.080000,1.000000,0.000000,1.000,3.800000
14,570,right_shoulder_pitch,0.094000,-0.080000,0.094000,-0.080000,0.094000,0.000000,0.000000,-0.850000,3.140000,0.010000,0,-0.094000,Cruise,traj_vel,0.120000,1.200000,0.250000,0.010000,4.000000,1.100000,-0.080000,12.000,1.000,0,0,70,tick,legacy,0.094000,-0.080000,1.000000,0.000000,1.000,4.000000
15,575,right_shoulder_pitch,0.093600,-0.080000,0.093600,-0.080000,0.093600,0.000000,0.000000,-0.850000,3.140000,0.010000,0,-0.093600,Cruise,traj_vel,0.120000,1.200000,0.250000,0.010000,4.200000,1.100000,-0.080000,12.000,1.000,0,0,75,tick,legacy,0.093600,-0.080000,1.000000,0.000000,1.000,4.200000
16,580,right_shoulder_pitch,0.093200,-0.080000,0.093200,-0.080000,0.093200,0.000000,0.000000,-0.850000,3.140000,0.010000,0,-0.093200,Cruise,traj_vel,0.120000,1.200000,0.250000,0.010000,4.400000,1.100000,-0.080000,12.000,1.000,0,0,80,tick,legacy,0.093200,-0.080000,1.000000,0.000000,1.000,4.400000
17,585,right_shoulder_pitch,0.092800,-0.080000,0.092800,-0.080000,0.092800,0.000000,0.000000,-0.850000,3.140000,0.010000,0,-0.092800,Cruise,traj_vel,0.120000,1.200000,0.250000,0.010000,4.600000,1.100000,-0.080000,12.000,1.000,0,0,85,tick,legacy,0.092800,-0.080000,1.000000,0.000000,1.000,4.600000
18,590,right_shoulder_pitch,0.092400,-0.080000,0.092400,-0.080000,0.092400,0.000000,0.000000,-0.850000,3.140000,0.010000,0,-0.092400,Cruise,traj_vel,0.120000,1.200000,0.250000,0.010000,4.800000,1.100000,-0.080000,12.000,1.000,0,0,90,tick,legacy,0.092400,-0.080000,1.000000,0.000000,1.000,4.800000
19,595,right_shoulder_pitch,0.092000,-0.080000,0.092000,-0.080000,0.092000,0.000000,0.000000,-0.850000,3.140000,0.010000,0,-0.092000,Cruise,traj_vel,0.120000,1.200000,0.250000,0.010000,5.000000,1.100000,-0.080000,12.000,1.000,0,0,95,tick,legacy,0.092000,-0.080000,1.000000,0.000000,1.000,5.000000
20,600,right_shoulder_pitch,0.091600,-0.080000,0.091600,-0.080000,0.091600,0.000000,0.000000,-0.850000,3.140000,0.010000,0,-0.091600,Cruise,traj_vel,0.120000,1.200000,0.250000,0.010000,5.200000,1.100000,-0.080000,12.000,1.000,0,0,100,tick,legacy,0.091600,-0.080000,1.000000,0.000000,1.000,5.200000
21,605,right_shoulder_pitch,0.091200,-0.080000,0.091200,-0.080000,0.091200,0.000000,0.000000,-0.850000,3.140000,0.010000,0,-0.091200,Cruise,traj_vel,0.120000,1.200000,0.250000,0.010000,5.400000,1.100000,-0.080000,12.000,1.000,0,0,105,tick,legacy,0.091200,-0.080000,1.000000,0.000000,1.000,5.400000
22,610,right_shoulder_pitch,0.090800,-0.080000,0.090800,-0.080000,0.090800,0.000000,0.000000,-0.850000,3.140000,0.010000,0,-0.090800,Cruise,traj_vel,0.120000,1.200000,0.250000,0.010000,5.600000,1.100000,-0.080000,12.000,1.000,0,0,110,tick,legacy,0.090800,-0.080000,1.000000,0.000000,1.000,5.600000
23,615,right_shoulder_pitch,0.090400,-0.080000,0.090400,-0.080000,0.090400,0.000000,0.000000,-0.850000,3.140000,0.010000,0,-0.090400,Cruise,traj_vel,0.120000,1.200000,0.250000,0.010000,5.800000,1.100000,-0.080000,12.000,1.000,0,0,115,tick,legacy,0.090400,-0.080000,1.000000,0.000000,1.000,5.800000
24,620,right_shoulder_pitch,0.090000,-0.080000,0.090000,-0.080000,0.090000,0.000000,0.000000,-0.850000,3.140000,0.010000,0,-0.090000,Cruise,traj_vel,0.120000,1.200000,0.250000,0.010000,6.000000,1.100000,-0.080000,12.000,1.000,0,0,120,tick,legacy,0.090000,-0.080000,1.000000,0.000000,1.000,6.000000
25,625,right_shoulder_pitch,0.089600,-0.080000,0.089600,-0.080000,0.089600,0.000000,0.000000,-0.850000,3.140000,0.010000,0,-0.089600,Cruise,traj_vel,0.120000,1.200000,0.250000,0.010000,6.200000,1.100000,-0.080000,12.000,1.000,0,0,125,tick,legacy,0.089600,-0.080000,1.000000,0.000000,1.000,6.200000
26,630,right_shoulder_pitch,0.089200,-0.080000,0.089200,-0.080000,0.089200,0.000000,0.000000,-0.850000,3.140000,0.010000,0,-0.089200,Cruise,traj_vel,0.120000,1.200000,0.250000,0.010000,6.400000,1.100000,-0.080000,12.000,1.000,0,0,130,tick,legacy,0.089200,-0.080000,1.000000,0.000000,1.000,6.400000
27,635,right_shoulder_pitch,0.088800,-0.080000,0.088800,-0.080000,0.088800,0.000000,0.000000,-0.850000,3.140000,0.010000,0,-0.088800,Cruise,traj_vel,0.120000,1.200000,0.250000,0.010000,6.600000,1.100000,-0.080000,12.000,1.000,0,0,135,tick,legacy,0.088800,-0.080000,1.000000,0.000000,1.000,6.600000
28,640,right_shoulder_pitch,0.088400,-0.080000,0.088400,-0.080000,0.088400,0.000000,0.000000,-0.850000,3.140000,0.010000,0,-0.088400,Cruise,traj_vel,0.120000,1.200000,0.250000,0.010000,6.800000,1.100000,-0.080000,12.000,1.000,0,0,140,tick,legacy,0.088400,-0.080000,1.000000,0.000000,1.000,6.800000
29,645,right_shoulder_pitch,0.088000,-0.080000,0.088000,-0.080000,0.088000,0.000000,0.000000,-0.850000,3.140000,0.010000,0,-0.088000,Cruise,traj_vel,0.120000,1.200000,0.250000,0.010000,7.000000,1.100000,-0.080000,12.000,1.000,0,0,145,tick,legacy,0.088000,-0.080000,1.000000,0.000000,1.000,7.000000
30,650,right_shoulder_pitch,0.087600,-0.080000,0.087600,-0.080000,0.087600,0.000000,0.000000,-0.850000,3.140000,0.010000,0,-0.087600,Cruise,traj_vel,0.120000,1.200000,0.250000,0.010000,7.200000,1.100000,-0.080000,12.000,1.000,0,0,150,tick,legacy,0.087600,-0.080000,1.000000,0.000000,1.000,7.200000
31,655,right_shoulder_pitch,0.087200,-0.080000,0.087200,-0.080000,0.087200,0.000000,0.000000,-0.850000,3.140000,0.010000,0,-0.087200,Cruise,traj_vel,0.120000,1.200000,0.250000,0.010000,7.400000,1.100000,-0.080000,12.000,1.000,0,0,155,tick,legacy,0.087200,-0.080000,1.000000,0.000000,1.000,7.400000
32,660,right_shoulder_pitch,0.086800,-0.080000,0.086800,-0.080000,0.086800,0.000000,0.000000,-0.850000,3.140000,0.010000,0,-0.086800,Cruise,traj_vel,0.120000,1.200000,0.250000,0.010000,7.600000,1.100000,-0.080000,12.000,1.000,0,0,160,tick,legacy,0.086800,-0.080000,1.000000,0.000000,1.000,7.600000
33,665,right_shoulder_pitch,0.086400,-0.080000,0.086400,-0.080000,0.086400,0.000000,0.000000,-0.850000,3.140000,0.010000,0,-0.086400,Cruise,traj_vel,0.120000,1.200000,0.250000,0.010000,7.800000,1.100000,-0.080000,12.000,1.000,0,0,165,tick,legacy,0.086400,-0.080000,1.000000,0.000000,1.000,7.800000
34,670,right_shoulder_pitch,0.086000,-0.080000,0.086000,-0.080000,0.086000,0.000000,0.000000,-0.850000,3.140000,0.010000,0,-0.086000,Cruise,traj_vel,0.120000,1.200000,0.250000,0.010000,8.000000,1.100000,-0.080000,12.000,1.000,0,0,170,tick,legacy,0.086000,-0.080000,1.000000,0.000000,1.000,8.000000
35,675,right_shoulder_pitch,0.085600,-0.080000,0.085600,-0.080000,0.085600,0.000000,0.000000,-0.850000,3.140000,0.010000,0,-0.085600,Cruise,traj_vel,0.120000,1.200000,0.250000,0.010000,8.200000,1.100000,-0.080000,12.000,1.000,0,0,175,tick,legacy,0.085600,-0.080000,1.000000,0.000000,1.000,8.200000
36,680,right_shoulder_pitch,0.085200,-0.080000,0.085200,-0.080000,0.085200,0.000000,0.000000,-0.850000,3.140000,0.010000,0,-0.085200,Cruise,traj_vel,0.120000,1.200000,0.250000,0.010000,8.400000,1.100000,-0.080000,12.000,1.000,0,0,180,tick,legacy,0.085200,-0.080000,1.000000,0.000000,1.000,8.400000
37,685,right_shoulder_pitch,0.084800,-0.080000,0.084800,-0.080000,0.084800,0.000000,0.000000,-0.850000,3.140000,0.010000,0,-0.084800,Cruise,traj_vel,0.120000,1.200000,0.250000,0.010000,8.600000,1.100000,-0.080000,12.000,1.000,0,0,185,tick,legacy,0.084800,-0.080000,1.000000,0.000000,1.000,8.600000
38,690,right_shoulder_pitch,0.084400,-0.080000,0.084400,-0.080000,0.084400,0.000000,0.000000,-0.850000,3.140000,0.010000,0,-0.084400,Cruise,traj_vel,0.120000,1.200000,0.250000,0.010000,8.800000,1.100000,-0.080000,12.000,1.000,0,0,190,tick,legacy,0.084400,-0.080000,1.000000,0.000000,1.000,8.800000
39,695,right_shoulder_pitch,0.084000,-0.080000,0.084000,-0.080000,0.084000,0.000000,0.000000,-0.850000,3.140000,0.010000,0,-0.084000,Cruise,traj_vel,0.120000,1.200000,0.250000,0.010000,9.000000,1.100000,-0.080000,12.000,1.000,0,0,195,tick,legacy,0.084000,-0.080000,1.000000,0.000000,1.000,9.000000
40,700,right_shoulder_pitch,0.083600,-0.080000,0.083600,-0.080000,0.083600,0.000000,0.000000,-0.850000,3.140000,0.010000,0,-0.083600,Cruise,traj_vel,0.120000,1.200000,0.250000,0.010000,9.200000,1.100000,-0.080000,12.000,1.000,0,0,200,tick,legacy,0.083600,-0.080000,1.000000,0.000000,1.000,9.200000
41,705,right_shoulder_pitch,0.083200,-0.080000,0.083200,-0.080000,0.083200,0.000000,0.000000,-0.850000,3.140000,0.010000,0,-0.083200,Cruise,traj_vel,0.120000,1.200000,0.250000,0.010000,9.400000,1.100000,-0.080000,12.000,1.000,0,0,205,tick,legacy,0.083200,-0.080000,1.000000,0.000000,1.000,9.400000
42,710,right_shoulder_pitch,0.082800,-0.080000,0.082800,-0.080000,0.082800,0.000000,0.000000,-0.850000,3.140000,0.010000,0,-0.082800,Cruise,traj_vel,0.120000,1.200000,0.250000,0.010000,9.600000,1.100000,-0.080000,12.000,1.000,0,0,210,tick,legacy,0.082800,-0.080000,1.000000,0.000000,1.000,9.600000
43,715,right_shoulder_pitch,0.082400,-0.080000,0.082400,-0.080000,0.082400,0.000000,0.000000,-0.850000,3.140000,0.010000,0,-0.082400,Cruise,traj_vel,0.120000,1.200000,0.250000,0.010000,9.800000,1.100000,-0.080000,12.000,1.000,0,0,215,tick,legacy,0.082400,-0.080000,1.000000,0.000000,1.000,9.800000
44,720,right_shoulder_pitch,0.082000,-0.080000,0.082000,-0.080000,0.082000,0.000000,0.000000,-0.850000,3.140000,0.010000,0,-0.082000,Cruise,traj_vel,0.120000,1.200000,0.250000,0.010000,10.000000,1.100000,-0.080000,12.000,1.000,0,0,220,tick,legacy,0.082000,-0.080000,1.000000,0.000000,1.000,10.000000
45,725,right_shoulder_pitch,0.081600,-0.080000,0.081600,-0.080000,0.081600,0.000000,0.000000,-0.850000,3.140000,0.010000,0,-0.081600,Cruise,traj_vel,0.120000,1.200000,0.250000,0.010000,10.200000,1.100000,-0.080000,12.000,1.000,0,0,225,tick,legacy,0.081600,-0.080000,1.000000,0.000000,1.000,10.200000
46,730,right_shoulder_pitch,0.081200,-0.080000,0.081200,-0.080000,0.081200,0.000000,0.000000,-0.850000,3.140000,0.010000,0,-0.081200,Cruise,traj_vel,0.120000,1.200000,0.250000,0.010000,10.400000,1.100000,-0.080000,12.000,1.000,0,0,230,tick,legacy,0.081200,-0.080000,1.000000,0.000000,1.000,10.400000
47,735,right_shoulder_pitch,0.080800,-0.080000,0.080800,-0.080000,0.080800,0.000000,0.000000,-0.850000,3.140000,0.010000,0,-0.080800,Cruise,traj_vel,0.120000,1.200000,0.250000,0.010000,10.600000,1.100000,-0.080000,12.000,1.000,0,0,235,tick,legacy,0.080800,-0.080000,1.000000,0.000000,1.000,10.600000
48,740,right_shoulder_pitch,0.080400,-0.080000,0.080400,-0.080000,0.080400,0.000000,0.000000,-0.850000,3.140000,0.010000,0,-0.080400,Cruise,traj_vel,0.120000,1.200000,0.250000,0.010000,10.800000,1.100000,-0.080000,12.000,1.000,0,0,240,tick,legacy,0.080400,-0.080000,1.000000,0.000000,1.000,10.800000
49,745,right_shoulder_pitch,0.080000,-0.080000,0.080000,-0.080000,0.080000,0.000000,0.000000,-0.850000,3.140000,0.010000,0,-0.080000,Cruise,traj_vel,0.120000,1.200000,0.250000,0.010000,11.000000,1.100000,-0.080000,12.000,1.000,0,0,245,tick,legacy,0.080000,-0.080000,1.000000,0.000000,1.000,11.000000
50,750,right_shoulder_pitch,0.079600,-0.080000,0.079600,-0.080000,0.079600,0.000000,0.000000,-0.850000,3.140000,0.010000,0,-0.079600,Cruise,traj_vel,0.120000,1.200000,0.250000,0.010000,11.200000,1.100000,-0.080000,12.000,1.000,0,0,250,tick,legacy,0.079600,-0.080000,1.000000,0.000000,1.000,11.200000
51,755,right_shoulder_pitch,0.079200,-0.080000,0.079200,-0.080000,0.079200,0.000000,0.000000,-0.850000,3.140000,0.010000,0,-0.079200,Cruise,traj_vel,0.120000,1.200000,0.250000,0.010000,11.400000,1.100000,-0.080000,12.000,1.000,0,0,255,tick,legacy,0.079200,-0.080000,1.000000,0.000000,1.000,11.400000
52,760,right_shoulder_pitch,0.078800,-0.080000,0.078800,-0.080000,0.078800,0.000000,0.000000,-0.850000,3.140000,0.010000,0,-0.078800,Cruise,traj_vel,0.120000,1.200000,0.250000,0.010000,11.600000,1.100000,-0.080000,12.000,1.000,0,0,260,tick,legacy,0.078800,-0.080000,1.000000,0.000000,1.000,11.600000
53,765,right_shoulder_pitch,0.078400,-0.080000,0.078400,-0.080000,0.078400,0.000000,0.000000,-0.850000,3.140000,0.010000,0,-0.078400,Cruise,traj_vel,0.120000,1.200000,0.250000,0.010000,11.800000,1.100000,-0.080000,12.000,1.000,0,0,265,tick,legacy,0.078400,-0.080000,1.000000,0.000000,1.000,11.800000
54,770,right_shoulder_pitch,0.078000,-0.080000,0.078000,-0.080000,0.078000,0.000000,0.000000,-0.850000,3.140000,0.010000,0,-0.078000,Cruise,traj_vel,0.120000,1.200000,0.250000,0.010000,12.000000,1.100000,-0.080000,12.000,1.000,0,0,270,tick,legacy,0.078000,-0.080000,1.000000,0.000000,1.000,12.000000
55,775,right_shoulder_pitch,0.077600,-0.080000,0.077600,-0.080000,0.077600,0.000000,0.000000,-0.850000,3.140000,0.010000,0,-0.077600,Cruise,traj_vel,0.120000,1.200000,0.250000,0.010000,12.200000,1.100000,-0.080000,12.000,1.000,0,0,275,tick,legacy,0.077600,-0.080000,1.000000,0.000000,1.000,12.200000
56,780,right_shoulder_pitch,0.077200,-0.080000,0.077200,-0.080000,0.077200,0.000000,0.000000,-0.850000,3.140000,0.010000,0,-0.077200,Cruise,traj_vel,0.120000,1.200000,0.250000,0.010000,12.400000,1.100000,-0.080000,12.000,1.000,0,0,280,tick,legacy,0.077200,-0.080000,1.000000,0.000000,1.000,12.400000
57,785,right_shoulder_pitch,0.076800,-0.080000,0.076800,-0.080000,0.076800,0.000000,0.000000,-0.850000,3.140000,0.010000,0,-0.076800,Cruise,traj_vel,0.120000,1.200000,0.250000,0.010000,12.600000,1.100000,-0.080000,12.000,1.000,0,0,285,tick,legacy,0.076800,-0.080000,1.000000,0.000000,1.000,12.600000
58,790,right_shoulder_pitch,0.076400,-0.080000,0.076400,-0.080000,0.076400,0.000000,0.000000,-0.850000,3.140000,0.010000,0,-0.076400,Cruise,traj_vel,0.120000,1.200000,0.250000,0.010000,12.800000,1.100000,-0.080000,12.000,1.000,0,0,290,tick,legacy,0.076400,-0.080000,1.000000,0.000000,1.000,12.800000
59,795,right_shoulder_pitch,0.076000,-0.080000,0.076000,-0.080000,0.076000,0.000000,0.000000,-0.850000,3.140000,0.010000,0,-0.076000,Cruise,traj_vel,0.120000,1.200000,0.250000,0.010000,13.000000,1.100000,-0.080000,12.000,1.000,0,0,295,tick,legacy,0.076000,-0.080000,1.000000,0.000000,1.000,13.000000
60,800,right_shoulder_pitch,0.075600,-0.080000,0.075600,-0.080000,0.075600,0.000000,0.000000,-0.850000,3.140000,0.010000,0,-0.075600,Cruise,traj_vel,0.120000,1.200000,0.250000,0.010000,13.200000,1.100000,-0.080000,12.000,1.000,0,0,300,tick,legacy,0.075600,-0.080000,1.000000,0.000000,1.000,13.200000
61,805,right_shoulder_pitch,0.075200,-0.080000,0.075200,-0.080000,0.075200,0.000000,0.000000,-0.850000,3.140000,0.010000,0,-0.075200,Cruise,traj_vel,0.120000,1.200000,0.250000,0.010000,13.400000,1.100000,-0.080000,12.000,1.000,0,0,305,tick,legacy,0.075200,-0.080000,1.000000,0.000000,1.000,13.400000
62,810,right_shoulder_pitch,0.074800,-0.080000,0.074800,-0.080000,0.074800,0.000000,0.000000,-0.850000,3.140000,0.010000,0,-0.074800,Cruise,traj_vel,0.120000,1.200000,0.250000,0.010000,13.600000,1.100000,-0.080000,12.000,1.000,0,0,310,tick,legacy,0.074800,-0.080000,1.000000,0.000000,1.000,13.600000
63,815,right_shoulder_pitch,0.074400,-0.080000,0.074400,-0.080000,0.074400,0.000000,0.000000,-0.850000,3.140000,0.010000,0,-0.074400,Cruise,traj_vel,0.120000,1.200000,0.250000,0.010000,13.800000,1.100000,-0.080000,12.000,1.000,0,0,315,tick,legacy,0.074400,-0.080000,1.000000,0.000000,1.000,13.800000
64,820,right_shoulder_pitch,0.074000,-0.080000,0.074000,-0.080000,0.074000,0.000000,0.000000,-0.850000,3.140000,0.010000,0,-0.074000,Cruise,traj_vel,0.120000,1.200000,0.250000,0.010000,14.000000,1.100000,-0.080000,12.000,1.000,0,0,320,tick,legacy,0.074000,-0.080000,1.000000,0.000000,1.000,14.000000
65,825,right_shoulder_pitch,0.073600,-0.080000,0.073600,-0.080000,0.073600,0.000000,0.000000,-0.850000,3.140000,0.010000,0,-0.073600,Cruise,traj_vel,0.120000,1.200000,0.250000,0.010000,14.200000,1.100000,-0.080000,12.000,1.000,0,0,325,tick,legacy,0.073600,-0.080000,1.000000,0.000000,1.000,14.200000
66,830,right_shoulder_pitch,0.073200,-0.080000,0.073200,-0.080000,0.073200,0.000000,0.000000,-0.850000,3.140000,0.010000,0,-0.073200,Cruise,traj_vel,0.120000,1.200000,0.250000,0.010000,14.400000,1.100000,-0.080000,12.000,1.000,0,0,330,tick,legacy,0.073200,-0.080000,1.000000,0.000000,1.000,14.400000
67,835,right_shoulder_pitch,0.072800,-0.080000,0.072800,-0.080000,0.072800,0.000000,0.000000,-0.850000,3.140000,0.010000,0,-0.072800,Cruise,traj_vel,0.120000,1.200000,0.250000,0.010000,14.600000,1.100000,-0.080000,12.000,1.000,0,0,335,tick,legacy,0.072800,-0.080000,1.000000,0.000000,1.000,14.600000
68,840,right_shoulder_pitch,0.072400,-0.080000,0.072400,-0.080000,0.072400,0.000000,0.000000,-0.850000,3.140000,0.010000,0,-0.072400,Cruise,traj_vel,0.120000,1.200000,0.250000,0.010000,14.800000,1.100000,-0.080000,12.000,1.000,0,0,340,tick,legacy,0.072400,-0.080000,1.000000,0.000000,1.000,14.800000
69,845,right_shoulder_pitch,0.072000,-0.080000,0.072000,-0.080000,0.072000,0.000000,0.000000,-0.850000,3.140000,0.010000,0,-0.072000,Cruise,traj_vel,0.120000,1.200000,0.250000,0.010000,15.000000,1.100000,-0.080000,12.000,1.000,0,0,345,tick,legacy,0.072000,-0.080000,1.000000,0.000000,1.000,15.000000
70,850,right_shoulder_pitch,0.071600,-0.080000,0.071600,-0.080000,0.071600,0.000000,0.000000,-0.850000,3.140000,0.010000,0,-0.071600,Cruise,traj_vel,0.120000,1.200000,0.250000,0.010000,15.200000,1.100000,-0.080000,12.000,1.000,0,0,350,tick,legacy,0.071600,-0.080000,1.000000,0.000000,1.000,15.200000
71,855,right_shoulder_pitch,0.071200,-0.080000,0.071200,-0.080000,0.071200,0.000000,0.000000,-0.850000,3.140000,0.010000,0,-0.071200,Cruise,traj_vel,0.120000,1.200000,0.250000,0.010000,15.400000,1.100000,-0.080000,12.000,1.000,0,0,355,tick,legacy,0.071200,-0.080000,1.000000,0.000000,1.000,15.400000
72,860,right_shoulder_pitch,0.070800,-0.080000,0.070800,-0.080000,0.070800,0.000000,0.000000,-0.850000,3.140000,0.010000,0,-0.070800,Cruise,traj_vel,0.120000,1.200000,0.250000,0.010000,15.600000,1.100000,-0.080000,12.000,1.000,0,0,360,tick,legacy,0.070800,-0.080000,1.000000,0.000000,1.000,15.600000
73,865,right_shoulder_pitch,0.070400,-0.080000,0.070400,-0.080000,0.070400,0.000000,0.000000,-0.850000,3.140000,0.010000,0,-0.070400,Cruise,traj_vel,0.120000,1.200000,0.250000,0.010000,15.800000,1.100000,-0.080000,12.000,1.000,0,0,365,tick,legacy,0.070400,-0.080000,1.000000,0.000000,1.000,15.800000
74,870,right_shoulder_pitch,0.070000,-0.080000,0.070000,-0.080000,0.070000,0.000000,0.000000,-0.850000,3.140000,0.010000,0,-0.070000,Cruise,traj_vel,0.120000,1.200000,0.250000,0.010000,16.000000,1.100000,-0.080000,12.000,1.000,0,0,370,tick,legacy,0.070000,-0.080000,1.000000,0.000000,1.000,16.000000
75,875,right_shoulder_pitch,0.069600,-0.080000,0.069600,-0.080000,0.069600,0.000000,0.000000,-0.850000,3.140000,0.010000,0,-0.069600,Cruise,traj_vel,0.120000,1.200000,0.250000,0.010000,16.200000,1.100000,-0.080000,12.000,1.000,0,0,375,tick,legacy,0.069600,-0.080000,1.000000,0.000000,1.000,16.200000
76,880,right_shoulder_pitch,0.069200,-0.080000,0.069200,-0.080000,0.069200,0.000000,0.000000,-0.850000,3.140000,0.010000,0,-0.069200,Cruise,traj_vel,0.120000,1.200000,0.250000,0.010000,16.400000,1.100000,-0.080000,12.000,1.000,0,0,380,tick,legacy,0.069200,-0.080000,1.000000,0.000000,1.000,16.400000
77,885,right_shoulder_pitch,0.068800,-0.080000,0.068800,-0.080000,0.068800,0.000000,0.000000,-0.850000,3.140000,0.010000,0,-0.068800,Cruise,traj_vel,0.120000,1.200000,0.250000,0.010000,16.600000,1.100000,-0.080000,12.000,1.000,0,0,385,tick,legacy,0.068800,-0.080000,1.000000,0.000000,1.000,16.600000
78,890,right_shoulder_pitch,0.068400,-0.080000,0.068400,-0.080000,0.068400,0.000000,0.000000,-0.850000,3.140000,0.010000,0,-0.068400,Cruise,traj_vel,0.120000,1.200000,0.250000,0.010000,16.800000,1.100000,-0.080000,12.000,1.000,0,0,390,tick,legacy,0.068400,-0.080000,1.000000,0.000000,1.000,16.800000
79,895,right_shoulder_pitch,0.068000,-0.080000,0.068000,-0.080000,0.068000,0.000000,0.000000,-0.850000,3.140000,0.010000,0,-0.068000,Cruise,traj_vel,0.120000,1.200000,0.250000,0.010000,17.000000,1.100000,-0.080000,12.000,1.000,0,0,395,tick,legacy,0.068000,-0.080000,1.000000,0.000000,1.000,17.000000
80,900,right_shoulder_pitch,0.067600,-0.080000,0.067600,-0.080000,0.067600,0.000000,0.000000,-0.850000,3.140000,0.010000,0,-0.067600,Cruise,traj_vel,0.120000,1.200000,0.250000,0.010000,17.200000,1.100000,-0.080000,12.000,1.000,0,0,400,tick,legacy,0.067600,-0.080000,1.000000,0.000000,1.000,17.200000
81,905,right_shoulder_pitch,0.067200,-0.080000,0.067200,-0.080000,0.067200,0.000000,0.000000,-0.850000,3.140000,0.010000,0,-0.067200,Cruise,traj_vel,0.120000,1.200000,0.250000,0.010000,17.400000,1.100000,-0.080000,12.000,1.000,0,0,405,tick,legacy,0.067200,-0.080000,1.000000,0.000000,1.000,17.400000
82,910,right_shoulder_pitch,0.066800,-0.080000,0.066800,-0.080000,0.066800,0.000000,0.000000,-0.850000,3.140000,0.010000,0,-0.066800,Cruise,traj_vel,0.120000,1.200000,0.250000,0.010000,17.600000,1.100000,-0.080000,12.000,1.000,0,0,410,tick,legacy,0.066800,-0.080000,1.000000,0.000000,1.000,17.600000
83,915,right_shoulder_pitch,0.066400,-0.080000,0.066400,-0.080000,0.066400,0.000000,0.000000,-0.850000,3.140000,0.010000,0,-0.066400,Cruise,traj_vel,0.120000,1.200000,0.250000,0.010000,17.800000,1.100000,-0.080000,12.000,1.000,0,0,415,tick,legacy,0.066400,-0.080000,1.000000,0.000000,1.000,17.800000
84,920,right_shoulder_pitch,0.066000,-0.080000,0.066000,-0.080000,0.066000,0.000000,0.000000,-0.850000,3.140000,0.010000,0,-0.066000,Cruise,traj_vel,0.120000,1.200000,0.250000,0.010000,18.000000,1.100000,-0.080000,12.000,1.000,0,0,420,tick,legacy,0.066000,-0.080000,1.000000,0.000000,1.000,18.000000
85,925,right_shoulder_pitch,0.065600,-0.080000,0.065600,-0.080000,0.065600,0.000000,0.000000,-0.850000,3.140000,0.010000,0,-0.065600,Cruise,traj_vel,0.120000,1.200000,0.250000,0.010000,18.200000,1.100000,-0.080000,12.000,1.000,0,0,425,tick,legacy,0.065600,-0.080000,1.000000,0.000000,1.000,18.200000
86,930,right_shoulder_pitch,0.065200,-0.080000,0.065200,-0.080000,0.065200,0.000000,0.000000,-0.850000,3.140000,0.010000,0,-0.065200,Cruise,traj_vel,0.120000,1.200000,0.250000,0.010000,18.400000,1.100000,-0.080000,12.000,1.000,0,0,430,tick,legacy,0.065200,-0.080000,1.000000,0.000000,1.000,18.400000
87,935,right_shoulder_pitch,0.064800,-0.080000,0.064800,-0.080000,0.064800,0.000000,0.000000,-0.850000,3.140000,0.010000,0,-0.064800,Cruise,traj_vel,0.120000,1.200000,0.250000,0.010000,18.600000,1.100000,-0.080000,12.000,1.000,0,0,435,tick,legacy,0.064800,-0.080000,1.000000,0.000000,1.000,18.600000
88,940,right_shoulder_pitch,0.064400,-0.080000,0.064400,-0.080000,0.064400,0.000000,0.000000,-0.850000,3.140000,0.010000,0,-0.064400,Cruise,traj_vel,0.120000,1.200000,0.250000,0.010000,18.800000,1.100000,-0.080000,12.000,1.000,0,0,440,tick,legacy,0.064400,-0.080000,1.000000,0.000000,1.000,18.800000
89,945,right_shoulder_pitch,0.064000,-0.080000,0.064000,-0.080000,0.064000,0.000000,0.000000,-0.850000,3.140000,0.010000,0,-0.064000,Cruise,traj_vel,0.120000,1.200000,0.250000,0.010000,19.000000,1.100000,-0.080000,12.000,1.000,0,0,445,tick,legacy,0.064000,-0.080000,1.000000,0.000000,1.000,19.000000
90,950,right_shoulder_pitch,0.063600,-0.080000,0.063600,-0.080000,0.063600,0.000000,0.000000,-0.850000,3.140000,0.010000,0,-0.063600,Cruise,traj_vel,0.120000,1.200000,0.250000,0.010000,19.200000,1.100000,-0.080000,12.000,1.000,0,0,450,tick,legacy,0.063600,-0.080000,1.000000,0.000000,1.000,19.200000
91,955,right_shoulder_pitch,0.063200,-0.080000,0.063200,-0.080000,0.063200,0.000000,0.000000,-0.850000,3.140000,0.010000,0,-0.063200,Cruise,traj_vel,0.120000,1.200000,0.250000,0.010000,19.400000,1.100000,-0.080000,12.000,1.000,0,0,455,tick,legacy,0.063200,-0.080000,1.000000,0.000000,1.000,19.400000
92,960,right_shoulder_pitch,0.062800,-0.080000,0.062800,-0.080000,0.062800,0.000000,0.000000,-0.850000,3.140000,0.010000,0,-0.062800,Cruise,traj_vel,0.120000,1.200000,0.250000,0.010000,19.600000,1.100000,-0.080000,12.000,1.000,0,0,460,tick,legacy,0.062800,-0.080000,1.000000,0.000000,1.000,19.600000
93,965,right_shoulder_pitch,0.062400,-0.080000,0.062400,-0.080000,0.062400,0.000000,0.000000,-0.850000,3.140000,0.010000,0,-0.062400,Cruise,traj_vel,0.120000,1.200000,0.250000,0.010000,19.800000,1.100000,-0.080000,12.000,1.000,0,0,465,tick,legacy,0.062400,-0.080000,1.000000,0.000000,1.000,19.800000
94,970,right_shoulder_pitch,0.062000,-0.080000,0.062000,-0.080000,0.062000,0.000000,0.000000,-0.850000,3.140000,0.010000,0,-0.062000,Cruise,traj_vel,0.120000,1.200000,0.250000,0.010000,20.000000,1.100000,-0.080000,12.000,1.000,0,0,470,tick,legacy,0.062000,-0.080000,1.000000,0.000000,1.000,20.000000
95,975,right_shoulder_pitch,0.061600,-0.080000,0.061600,-0.080000,0.061600,0.000000,0.000000,-0.850000,3.140000,0.010000,0,-0.061600,Cruise,traj_vel,0.120000,1.200000,0.250000,0.010000,20.200000,1.100000,-0.080000,12.000,1.000,0,0,475,tick,legacy,0.061600,-0.080000,1.000000,0.000000,1.000,20.200000
96,980,right_shoulder_pitch,0.061200,-0.080000,0.061200,-0.080000,0.061200,0.000000,0.000000,-0.850000,3.140000,0.010000,0,-0.061200,Cruise,traj_vel,0.120000,1.200000,0.250000,0.010000,20.400000,1.100000,-0.080000,12.000,1.000,0,0,480,tick,legacy,0.061200,-0.080000,1.000000,0.000000,1.000,20.400000
97,985,right_shoulder_pitch,0.060800,-0.080000,0.060800,-0.080000,0.060800,0.000000,0.000000,-0.850000,3.140000,0.010000,0,-0.060800,Cruise,traj_vel,0.120000,1.200000,0.250000,0.010000,20.600000,1.100000,-0.080000,12.000,1.000,0,0,485,tick,legacy,0.060800,-0.080000,1.000000,0.000000,1.000,20.600000
98,990,right_shoulder_pitch,0.060400,-0.080000,0.060400,-0.080000,0.060400,0.000000,0.000000,-0.850000,3.140000,0.010000,0,-0.060400,Cruise,traj_vel,0.120000,1.200000,0.250000,0.010000,20.800000,1.100000,-0.080000,12.000,1.000,0,0,490,tick,legacy,0.060400,-0.080000,1.000000,0.000000,1.000,20.800000
99,995,right_shoulder_pitch,0.060000,-0.080000,0.060000,-0.080000,0.060000,0.000000,0.000000,-0.850000,3.140000,0.010000,0,-0.060000,Cruise,traj_vel,0.120000,1.200000,0.250000,0.010000,21.000000,1.100000,-0.080000,12.000,1.000,0,0,495,tick,legacy,0.060000,-0.080000,1.000000,0.000000,1.000,21.000000
